Talu,Blonduos,Vardo,Helvig,Biruwa,Shinobi,Reading,Eden,Valais
01/300 Tyra Carlsen,01/300 Kerstin Eklund,02/300 Florian Lund,01/300 Yorick Blomgren,01/300 Nana Morris,03/300 Gerik Sorensen,21/300 Mia Regan,01/300 Sanna Carlsen,01/300 Riko Moore
02/300 Allana Sato,01/300 Simon Sorensen,03/300 Sakura McCarthy,02/300 Sakura Collins,02/300 Takuya Sato,04/300 Dahl Blomgren,21/300 Alexander Watanabe,03/300 Dionne Hall,04/300 Jacob Connolly
04/300 Gala Eklund,03/300 Kirstie Ibsen,04/300 Ryan Murphy,05/300 Nico Jensen,05/300 Ursula Eklund,06/300 Elsa Thorn,21/300 Sophia Connolly,04/300 Lamont Page,06/300 Emy Brown
04/300 Nina Ibsen,06/300 Fabian Eklund,04/300 Lisa Solberg,06/300 Niamh Wilson,09/300 Jessica Moore,15/300 Donar Eklund,21/300 Riku Price,07/300 Elie McCarthy,06/300 Simon Sorensen
05/300 Anthony Watanabe,09/300 Halden Blomgren,06/300 Haruka Watanabe,07/300 Elin Sorensen,10/300 Tyr Lund,17/300 Bailey Morris,21/300 Ryan Jackson,13/300 Rida Lund,06/300 Olson Blomgren
05/300 Emma Carlsen,10/300 Ruby Connolly,07/300 Haru Collins,08/300 Malena Sorensen,10/300 Mizuki Collins,17/300 Megan Collins,22/300 Sven Solberg,14/300 Henri Petit,09/300 Antoine McCarthy
08/300 Sakura Yamada,11/300 Colin Morris,08/300 Shiori Wilson,09/300 Ella Bager,14/300 Katie Jackson,18/300 Julia Lund,25/300 Mike McCarthy,18/300 Claire Watanabe,09/300 Helga Svendsen
09/300 Celine Page,12/300 Olson Solberg,09/300 Justin Edwards,10/300 Berit Carlsen,16/300 Ryan Kimura,22/300 Ansel Carlsen,25/300 Michaela Sato,20/300 Marshall Edwards,10/300 Sarah Morris
10/300 Florian Jensen,13/300 Tobias Ibsen,11/300 Emma Sorensen,11/300 Lea Solberg,19/300 Yorick Lund,23/300 Andrew Kimura,25/300 Hans Carlsen,20/300 Alicia Dupont,16/300 Mia Sato
11/300 Galen Ibsen,17/300 Tamara Morris,11/300 Susannah Connolly,11/300 Sophie Blomgren,19/300 Hama Connolly,24/300 Adam Connolly,25/300 Lucia Solberg,22/300 Nanami McCarthy,17/300 Ryan Morris
17/300 Dane Sorensen,21/300 Naoki Regan,13/300 David Eklund,12/300 Brenda Solberg,20/300 Mary Edwards,24/300 Ingrid Carlsen,27/300 Raphael Solberg,22/300 Antoine Connolly,17/300 Isobel Brown
18/300 Ansel Sorensen,22/300 Misaki Price,16/300 Siobhan Collins,15/300 Selina Sorensen,21/300 Sarah Bager,25/300 Halden Bager,27/300 Ryouta Connolly,22/300 Gaston Connolly,18/300 Elias Solberg
18/300 Hailey Edwards,22/300 Hannah Jensen,16/300 Amy Wilson,17/300 Nanami Collins,22/300 Gunnar Sorensen,26/300 Ava Collins,02/301 Samuel Eklund,23/300 Beatrice Solberg,18/300 Patricia Edwards
19/300 Gaston Svendsen,23/300 David Holst,19/300 Megan Yamada,17/300 Olivia Sato,23/300 Kayleigh Kimura,26/300 Akane Burke,03/301 Takumi Roberts,24/300 Zoe Sato,18/300 Reynard Blomgren
21/300 Juhani Bager,25/300 Helga Sorensen,19/300 Erla Larsen,17/300 Ansel Page,23/300 Elias Larsen,27/300 Elsa Solberg,04/301 Viggo Blomgren,26/300 Asuka Kimura,19/300 Hanna Olsen
21/300 Brenda Blomgren,27/300 Signe Solberg,19/300 Thurston Solberg,18/300 Jessica Brown,24/300 Julian Carlsen,28/300 Laura Blomgren,04/301 Karena Jensen,28/300 Kayleigh Edwards,19/300 Connor Murphy
22/300 Emma Jensen,03/301 Alice Morris,19/300 Astrid Carlsen,18/300 Erika Olsen,24/300 Justin Price,28/300 Nanako Collins,06/301 Brittany McCarthy,03/301 Sophia Wilson,20/300 Armand Simon
24/300 Marshall Thorn,06/301 Berit Ibsen,19/300 Christian Madsen,20/300 Jorn Solberg,26/300 Kerstin Ibsen,04/301 Olina Blomgren,07/301 Bronwyn Wilson,03/301 Alexia Blomgren,20/300 Paige Watanabe
25/300 Natalie Pallesen,08/301 Erik Eklund,19/300 Mia Eklund,22/300 Brittany Suzuki,26/300 Leah Davies,04/301 Chloe Solberg,08/301 Anais Wilson,04/301 Mizuki Edwards,25/300 Sarah Brown
27/300 Marshall Lund,10/301 Axel Sorensen,19/300 Arvid Eklund,22/300 Malena Lund,27/300 Nicholas Collins,06/301 Hans Sorensen,09/301 Sanna Sorensen,05/301 Erika Sorensen,26/300 Lee Brown
27/300 Auguste Lund,12/301 Ragnar Carlsen,20/300 Sophie Eklund,23/300 Sinead Regan,28/300 Tyr Sorensen,07/301 Viggo Sorensen,09/301 Gretel Solberg,05/301 Nico Lund,26/300 Miho Collins
01/301 Minh Sato,13/301 Brenda Sorensen,21/300 Henrik Sorensen,24/300 Dahl Carlsen,28/300 Jackson Wilson,08/301 Noel Connolly,10/301 Takahiro McCarthy,06/301 Jack Kimura,07/301 Mike Yamada
01/301 Jarrod Wilson,14/301 Marie Eklund,21/300 Dane Eklund,25/300 Nanami Morris,02/301 Ruby Kimura,11/301 Kaito McCarthy,11/301 Noah Morris,07/301 Nicolas Connolly,07/301 Emma Blomgren
01/301 Elise Suzuki,18/301 Kaya Solberg,21/300 Kristina Lund,25/300 Marie Blomgren,02/301 Nanami Morris,18/301 Riko Price,11/301 Bernard Dupont,07/301 Phoebe Edwards,09/301 Tom Wilson
02/301 Brielle Jensen,21/301 Matthias Solberg,21/300 Lucia Solberg,27/300 Tove Ibsen,04/301 Leif Blomgren,23/301 Freya Lund,13/301 Felix Olsen,08/301 Gustave Solberg,11/301 Agda Carlsen
04/301 Brigit Jensen,21/301 Jana Bager,22/300 Galen Bager,28/300 Lars Blomgren,05/301 Megan Watanabe,25/301 Hallmar Sorensen,15/301 Galen Lund,10/301 Etienne Lund,11/301 Kaya Bager
06/301 Eleanor Carlsen,22/301 Vanessa Blomgren,24/300 James Brown,01/301 Olivia Watanabe,08/301 Cameron McCarthy,27/301 Gin Connolly,15/301 Anamica Morris,12/301 Nico Solberg,16/301 Elsa Solberg
06/301 Kaeda Watanabe,23/301 Grace Murphy,24/300 Tyr Carlsen,03/301 Sebastian Solberg,13/301 Colin Collins,28/301 Elin Eklund,15/301 Brigit Jensen,17/301 Louisa Dupont,16/301 Yujia Morris
06/301 Rupert Solberg,25/301 Lukas Sorensen,24/300 Matthias Bager,04/301 David Solberg,13/301 Ren Brown,05/302 Pierrick Larsen,17/301 Ruby McCarthy,21/301 King Connolly,18/301 Akane Morris
06/301 Alexander Solberg,26/301 Ebbe Jensen,25/300 Halle Sorensen,04/301 Chloe Wilson,19/301 Gunnar Thorn,08/302 Alexander Carlsen,17/301 Akane Collins,23/301 Hiro Sato,21/301 Robert Moore
07/301 Hama Kimura,26/301 Christian Eklund,27/300 Jorn Pallesen,05/301 Dean Edwards,19/301 Rosalind Lund,09/302 Olson Bager,17/301 Liliane Dupuy,24/301 Rene Morris,22/301 Finlay Brown
09/301 Samuel Dupont,27/301 Gunnar Jensen,27/300 Hakan Sorensen,05/301 Magdalena Carlsen,24/301 Samantha Connolly,10/302 Tobias Thorn,19/301 Manami Moore,27/301 Philipp Larsen,23/301 Lea Carlsen
10/301 Beau Connolly,01/302 Naoto Edwards,28/300 Gert Jensen,06/301 Gala Sorensen,24/301 Zoe Sato,12/302 Kirstie Carlsen,19/301 Tomas Larsen,01/302 Mathis Dupont,24/301 Ai Price
11/301 Ingrid Svendsen,02/302 Sian Morris,01/301 Erla Solberg,08/301 Liam Watanabe,02/302 Gavin Morris,17/302 Torsten Sorensen,19/301 Monica Crawford,02/302 Daiki Summers,27/301 Cariel Carlsen
13/301 Ole Blomgren,03/302 Kirk Solberg,02/301 Sho Regan,09/301 Kirk Solberg,06/302 Sten Ibsen,25/302 Maxine Blomgren,21/301 Lucy Sato,03/302 Alice White,28/301 Jakob Sorensen
13/301 Chloe Sato,03/302 Tyr Solberg,03/301 Daniel Brown,09/301 Agda Solberg,06/302 Pantea Sorensen,25/302 Kristjana Blomgren,21/301 Mika Fukuda,04/302 Charles Herbert,01/302 Nanami Brown
13/301 Magritte Morris,04/302 Miho Collins,07/301 Gerik Sorensen,12/301 Tindra Blomgren,06/302 Lars Blomgren,01/303 Akane Watanabe,22/301 Saika Connolly,07/302 Laasya Srinivasan,01/302 Maika Solberg
14/301 Kate Hall,06/302 Nina Blomgren,09/301 Malena Carlsen,12/301 Jack Wilson,11/302 Fabian Sorensen,10/303 Torvald Solberg,22/301 Akari Nakano,09/302 Elie Murphy,03/302 Sophie Hall
15/301 Nina Carlsen,15/302 Donar Blomgren,10/301 Vanessa Carlsen,13/301 Nathan Collins,13/302 Yuka Watanabe,10/303 Nicholas Collins,23/301 Kelvin Hill,10/302 Melissa McCarthy,05/302 Olina Eklund
17/301 Rachida Carre,15/302 Gunnar Solberg,10/301 Takumi Price,14/301 Mike Collins,19/302 Daichi Morris,10/303 Thomas Carlsen,24/301 Olson Pallesen,10/302 Teala Eklund,09/302 Mike Murphy
18/301 Simon Faure,16/302 Leira Carlsen,11/301 Daniel Blomgren,14/301 Laura Solberg,21/302 Josh Collins,12/303 Nina Sorensen,24/301 Yui Moore,10/302 Liam Morris,10/302 Johanna Jensen
20/301 Magnar Carlsen,17/302 Liam Lange,12/301 Tindra Solberg,16/301 Lynnea Lund,22/302 Akira Sato,14/303 Agda Eklund,25/301 Katie Sato,10/302 Aadesh Singh,12/302 Lauren Sato
27/301 Megane Sato,19/302 Elena Blomgren,13/301 Yorick Blomgren,17/301 Lynnea Ibsen,23/302 Ole Bager,16/303 Desmond Connolly,25/301 Liam Morris,11/302 Yvonne Petit,12/302 Nadege Leclerc
27/301 Chryselle Sato,21/302 Tyr Sorensen,13/301 Ragnar Carlsen,17/301 Olina Solberg,24/302 Ole Jensen,22/303 Jacob Morris,25/301 Ava Wilson,12/302 Beau Solberg,13/302 Percy Blomgren
28/301 Rene Thorn,22/302 Alexander Ibsen,14/301 Kaeda Edwards,18/301 Kaya Lund,24/302 Harold Jensen,28/303 Daisy Moore,26/301 Kazuya Suzuki,13/302 Alexia Thorn,13/302 Maya Sato
03/302 Rose Sato,22/302 Hannah McCarthy,14/301 Mitchell Morris,18/301 Olina Sorensen,25/302 Hannah McCarthy,01/304 Felix Thorn,26/301 Niall Black,14/302 Marcus Burke,14/302 Jamie Connolly
04/302 Megane Swift,25/302 Tamara Regan,16/301 Darren Wilson,19/301 Kirk Carlsen,01/303 Anastasia Blomgren,05/304 Amy Brown,27/301 Tate Kimura,17/302 Aimee Abel,14/302 Nanako Suzuki
05/302 Ariane Suzuki,26/302 Lucia Ibsen,16/301 Tatsuya Wilson,22/301 Masa Sato,04/303 Gavin Connolly,05/304 Olivia Brown,27/301 Taichi Hara,18/302 Zachary Simon,14/302 Lynnea Bager
07/302 Rachelle Bager,28/302 Rina Price,17/301 Kaya Thorn,24/301 Thurston Lund,10/303 Mark Wilson,14/304 Florian Carlsen,28/301 Shiori Regan,21/302 Claudette Simon,16/302 Martial Bouvier
08/302 Tove Jensen,01/303 Ryouta Edwards,18/301 Kenta Edwards,24/301 Sinead Moore,11/303 Daiki Brown,14/304 Tyler Watanabe,01/302 Emma Kimura,22/302 Neena Sato,21/302 Matthias Sorensen
10/302 Anamica Jones,05/303 Logan Edwards,18/301 Harold Jensen,25/301 Colin Watanabe,17/303 Scott McCarthy,22/304 Hama Collins,01/302 Kirstie Solberg,23/302 Patrick Wilson,21/302 Viktoria Sorensen
10/302 Florent Reynaud,08/303 Hallmar Solberg,22/301 Emma Connolly,26/301 Tyr Ibsen,18/303 Aya Connolly,23/304 Brielle Carlsen,02/302 Rumi Matsui,24/302 Hama Edwards,21/302 Gael Brun
12/302 Bronwyn Watanabe,08/303 Erik Blomgren,27/301 Hama Brown,27/301 Jamie Edwards,19/303 Olina Carlsen,24/304 Mark Connolly,03/302 Karina Blomgren,27/302 Hina Swift,27/302 Julie Lund
12/302 Sophia Watanabe,13/303 Sven Blomgren,27/301 Erling Carlsen,27/301 Asuka Brown,23/303 Chloe Collins,14/305 Simon Sorensen,03/302 Sarah Regan,27/302 Rin Connolly,27/302 Ayaka Yamada
13/302 Tahlia Jensen,15/303 Christian Sorensen,27/301 Sophia Carlsen,27/301 Helsa Solberg,23/303 Haruka Collins,19/305 Justin Morris,03/302 Rosalind Crawford,28/302 Orla Edwards,02/303 Aidan Brown
13/302 Jordan Wilson,18/303 Sarah Solberg,27/301 Amon Yamada,28/301 Minh Regan,24/303 Matthias Carlsen,27/305 Helsa Solberg,04/302 Michael Jensen,28/302 Thevan Kumar,02/303 Ross Connolly
14/302 Laurie Simon,21/303 Tyr Sorensen,27/301 Joshua Yamada,28/301 Emily Regan,25/303 Taylor Morris,03/306 Kaito Edwards,04/302 Kerr Findlay,01/303 Gabriel Connolly,04/303 Erik Blomgren
15/302 Simon Eklund,22/303 Tate Yamada,01/302 Ingrid Sorensen,28/301 Julia Lund,26/303 Daichi Wilson,06/306 Robert Yamada,04/302 Magalie Besson,03/303 Seymour Yamada,06/303 Ryan Morris
16/302 Alexandre Blomgren,22/303 Rina Price,01/302 Tove Pallesen,04/302 Maya Wilson,28/303 Yuta Morris,06/306 Selina Solberg,05/302 Rina Morris,04/303 Conor Wilson,07/303 Alina Jensen
17/302 Orla Morris,23/303 Megan Sato,02/302 Karen Madsen,05/302 Olson Jensen,07/304 Mia Jensen,06/306 Alice McCarthy,05/302 Albert Lenz,07/303 Gabriel Dupont,09/303 Bertrand Rousseau
19/302 Rupert Wilson,24/303 Dane Carlsen,02/302 Peter Hall,07/302 Jeneve Carlsen,13/304 Tate Moore,09/306 Lena Olsen,05/302 Derick Hughes,07/303 Fabrice Dupont,10/303 Kirstie Eklund
19/302 Celine Connolly,03/304 Inge Sorensen,02/302 Florian Lund,09/302 Emma Blomgren,13/304 Logan Edwards,09/306 Ryan Watanabe,05/302 Max Hernandez,09/303 Gert Larsen,15/303 Rupert Blomgren
20/302 Alexander Wilson,04/304 Henrik Solberg,02/302 Erling Solberg,10/302 Britt Holst,14/304 Jacob Connolly,13/306 Hanna Solberg,06/302 Raphael Sorensen,09/303 Nils Larsen,16/303 Philipp Sorensen
24/302 Kristjana Sorensen,08/304 Katie Carlsen,02/302 Kristel Bergmann,11/302 Ebbe Carlsen,24/304 Sarah Solberg,18/306 Renee Jensen,07/302 Sarah Jackson,09/303 Joshua Morris,20/303 Juhani Sorensen
24/302 Rachelle Jensen,18/304 Lukas Jensen,03/302 Tyra Carlsen,13/302 Megane Dupont,28/304 Riley Wilson,19/306 Pernille Sorensen,08/302 Marcel Ibsen,09/303 Johanna Solberg,20/303 Vincent Blomgren
24/302 Kristina Faure,20/304 Anamica Collins,03/302 Axel Sorensen,15/302 Tobias Lund,12/305 Arvid Jensen,26/306 Ronan Collins,08/302 Jagan Srinivasan,15/303 Paavan Basu,23/303 Percy Carlsen
26/302 Harold Eklund,22/304 Michael Blomgren,05/302 Shin Collins,15/302 Kari Bager,16/305 Britt Eklund,28/306 Takumi Price,09/302 David Sorensen,16/303 Armand Petit,23/303 Katy Coste
26/302 Manuel Levy,24/304 Agda Bager,05/302 Rin Kimura,21/302 Tyra Sorensen,17/305 Harry McCarthy,07/307 Jasmin Ibsen,09/302 Jocelyne Lacroix,18/303 Anamica Connolly,27/303 Julien Chevallier
27/302 Shin Hall,25/304 Jamie Morris,06/302 Sigrid Blomgren,21/302 Tyra Blomgren,18/305 Cariel Blomgren,07/307 Shannon Price,11/302 Daniel Sato,19/303 Hallmar Pallesen,28/303 Nicole Solberg
27/302 Axel Blomgren,27/304 Isabella Brown,06/302 Gala Blomgren,23/302 Ashley Murphy,20/305 Marcus Yamada,07/307 Veronika Berg,11/302 Matthew Sato,19/303 Jorn Solberg,05/304 Neena Morris
27/302 Corina Sato,28/304 Auna Morris,10/302 Jasmin Solberg,23/302 Rin Morris,27/305 Arvid Jensen,11/307 Anika Eklund,11/302 Kisho Murakami,20/303 Mason Thorn,09/304 Alicia Jones
28/302 Sylvaine Lecomte,01/305 Pernille Eklund,11/302 Kristina Solberg,23/302 Ronan Hall,28/305 Adam Wilson,12/307 Ingrid Lund,12/302 Mathew Fraser,21/303 King Brown,11/304 Ole Ibsen
02/303 Naoki Edwards,01/305 Kaito Sato,11/302 Ursula Solberg,23/302 Henning Neumann,01/306 Gemma Morris,15/307 Lothar Haas,12/302 Shuta Koyama,22/303 Takuya Kimura,13/304 Sean Morris
03/303 Kaeda Sato,05/305 Christopher Lenz,13/302 Tove Carlsen,23/302 Nikola Langer,04/306 Remy Connolly,19/307 Masa Regan,12/302 Musashi Takeuchi,22/303 Akane Hall,15/304 Magalie Marin
04/303 Rene Connolly,13/305 Sho Brown,14/302 Simon Solberg,25/302 Brigit Solberg,08/306 Sylvain Vasseur,20/307 Halle Blomgren,13/302 Nicole Jones,22/303 Dheer Basu,18/304 Maximilian Eklund
06/303 Marcel Eklund,14/305 Ella Solberg,15/302 Katie Murphy,25/302 Krista Scholz,11/306 Nanami Kimura,22/307 Lilja Thorn,13/302 Takero Hashimoto,24/303 Ole Solberg,24/304 Rida Jensen
09/303 Audrey Svendsen,20/305 Dahl Ibsen,17/302 Gin Morris,27/302 Grace Wilson,27/306 Maximilian Jensen,24/307 Marie Ibsen,14/302 Ian Wilson,27/303 Ayano Sato,01/305 Ryan Morris
09/303 Samuel Suzuki,03/306 Dean Price,18/302 Paul Blomgren,28/302 Naoki Edwards,01/307 Mayu Morris,06/308 Zachary Kimura,14/302 Jeneve Solberg,27/303 Justin Herbert,01/305 Lauren Connolly
13/303 Charles Jensen,11/306 Neena Morris,20/302 Alexis Dupont,28/302 Donar Solberg,11/307 Neil McKay,13/308 Gerik Svendsen,14/302 Ella Solberg,27/303 Momoko Edwards,10/305 Nicole Solberg
14/303 Micheline Carre,13/306 Emma McCarthy,22/302 Tomas Carlsen,01/303 Florian Solberg,14/307 Berangere Pons,16/308 Louise Collins,14/302 Josh Davies,27/303 Rachelle Hall,12/305 Akane Morris
15/303 Mason Sato,13/306 Lilja Blomgren,23/302 Signe Carlsen,03/303 Edgar Edwards,14/307 Taylor Moore,16/308 Chloe McCarthy,14/302 Christian McIntyre,01/304 Georgina Suzuki,12/305 Robin Morris
17/303 Juhani Jensen,20/306 Gala Solberg,24/302 Liane Bauer,03/303 Kerstin Sorensen,18/307 Tobias Eklund,16/308 Kazuki Price,14/302 Yasuji Wada,02/304 Yvonne Perrot,15/305 Elena Sorensen
19/303 Nanami Jones,21/306 Jonas Sorensen,24/302 Marc Wagner,04/303 Hannah Collins,23/307 Lucas Yamada,25/308 Gavin Price,14/302 Akeno Taketa,02/304 Abbey Price,16/305 Antoine Solberg
21/303 Gemma Wilson,23/306 Daichi Connolly,25/302 Gavin Connolly,06/303 Allana Wilson,25/307 Nanami Jones,10/309 Brenda Madsen,14/302 Takehiro Fujii,03/304 Gyan Varma,17/305 Andre Andre
23/303 Rosalind Jensen,23/306 Anastasia Ibsen,01/303 Emma Carlsen,07/303 Emily Regan,26/307 Sophia Ibsen,13/309 Lauren McCarthy,15/302 Lahar Gadhavi,06/304 Thurston Carlsen,18/305 Halden Eklund
23/303 Ai Kimura,26/306 Jessica Morris,02/303 Ai Brown,08/303 Gin McCarthy,09/308 Nanami Morris,13/309 Nikolaus Schulze,16/302 Benjamin Brown,06/304 Naoto Summers,18/305 Remi Marin
27/303 Noelle Germain,28/306 Michelle Price,04/303 Jarrod Hall,10/303 Jakob Blomgren,09/308 Natascha Girard,14/309 Michaela Suzuki,16/302 Louisa Scott,07/304 Neena Sato,19/305 Lionel Collin
28/303 Helene Wilson,01/307 Tyr Solberg,04/303 Grace Price,10/303 Karin Richter,15/308 Daniel Kimura,01/310 Matthew Edwards,17/302 Raphael Eklund,09/304 Sahana Ramanan,24/305 Kaya Bager
28/303 Erika Eklund,04/307 Ashley Brown,05/303 Grace Collins,11/303 Miki Moore,24/308 Liliane Gautier,09/310 Ava Kimura,17/302 Sara Muir,09/304 Nirvan Kulkarni,24/305 Jeneve Bager
03/304 Leon Sorensen,10/307 Kirstie Blomgren,05/303 Kirstie Sorensen,12/303 Monika Hahn,24/308 Chanda Babu,12/310 Edgar Yamada,17/302 Wayne Williamson,09/304 Yuval Kulkarni,04/306 Sacha Solberg
04/304 Astrid Eklund,11/308 Conor McCarthy,06/303 Inge Carlsen,13/303 Inge Sorensen,01/309 Erin Collins,17/310 Olson Ibsen,17/302 Daryl Johnston,10/304 Sage Yamada,10/306 Blandine Martins
06/304 Rosalie Abel,16/308 Luke Connolly,07/303 Riko Jackson,13/303 Akane Brown,11/309 Hans Blomgren,17/310 Yorick Ibsen,17/302 Andre Lefevre,12/304 Harry Wilson,13/306 Christele Levy
07/304 Olivier Simon,19/308 Lutz Sauer,07/303 Kirstie Jensen,14/303 Nikolaus Gruber,13/309 Cyril Pelletier,09/311 Katja Lutz,18/302 Shelley Fraser,12/304 Rushil Devar,16/306 Laurie Jensen
10/304 Frederique Jensen,22/308 Maximilian Solberg,09/303 Lucy Collins,15/303 Nils Carlsen,18/309 Max Leger,13/311 Kerstin Thorn,19/302 Theresa Bager,14/304 Keerthana Shah,18/306 Leah Connolly
12/304 Holly Sato,03/309 Ingrid Solberg,13/303 Erin Kimura,17/303 Ren Edwards,21/309 Keerthana Chunduri,13/311 Dean McCarthy,19/302 Leona Duncan,15/304 Maxine Bager,21/306 Juhani Jensen
12/304 Louisa Jensen,09/309 Sarah Solberg,13/303 Tobias Blomgren,20/303 Daniel Solberg,23/309 Cameron Morris,15/311 Saika Wilson,19/302 Auna Morris,16/304 Ethan Swift,23/306 Brittany Moore
12/304 Jermaine Hall,11/309 Sakura Collins,14/303 Ella Madsen,21/303 Ole Sorensen,24/309 Torvald Carlsen,27/311 Jack McCarthy,19/302 Toshiya Miyasaki,16/304 Fay Pallesen,28/306 Christel Verdier
13/304 Mizuki Brown,11/309 Tobias Sorensen,14/303 David Olsen,25/303 Neena Kimura,07/310 Nirvan Dhar,01/312 Elena Eklund,19/302 Fabienne Fournier,18/304 Jacques Wilson,18/307 Leon Connolly
16/304 Magritte Herbert,14/309 Ian Sato,18/303 Martina Lindner,25/303 Cariel Solberg,13/310 Rin Connolly,02/312 Michelle Moore,20/302 Mia Solberg,18/304 Kaia Ramanujan,20/307 Blade Jackson
16/304 Jeremy Carlsen,26/309 Tyra Sorensen,21/303 Yorick Solberg,02/304 Michelle Wilson,15/310 Claudie Leger,05/312 Brittany Edwards,20/302 Sarah Bager,19/304 Tomas Solberg,06/308 Djamila Marty
16/304 Chantel Lund,12/310 Pierrick Solberg,22/303 Sascha Guenther,04/304 Arvid Solberg,15/310 Tomas Bager,05/312 Juhani Ibsen,20/302 Lars Solberg,23/304 Chahna Ramanan,13/308 Melissa Wilson
19/304 Sarah Suzuki,20/310 Tyra Solberg,23/303 Nils Eklund,07/304 Liam Collins,19/310 Yanick Gautier,12/312 Angela Binder,20/302 Eva Connolly,25/304 Macon Sato,05/309 Holly Connolly
27/304 Theresa Blomgren,08/311 William McCarthy,23/303 Amy Collins,08/304 Camille Delacroix,20/310 Esha Mehta,17/312 Soren Madsen,20/302 Tove Solberg,25/304 Jasmin Solberg,02/311 King Wilson
01/305 Erling Bager,10/311 Kerstin Sorensen,23/303 Taylor Collins,08/304 Tobias Blomgren,23/310 Killian McCarthy,28/312 Tove Solberg,20/302 Maja Mueller,26/304 Magritte Pallesen,
03/305 Beau Bager,15/311 Valdemar Sorensen,27/303 Sophia Blomgren,09/304 Illona Blomgren,26/310 Eliane Besson,03/313 King Morris,20/302 Philippe Benoit,03/305 Amber Suzuki,
05/305 Torsten Carlsen,24/311 Ella Sorensen,01/304 Christian Bager,13/304 Gerald Reinhardt,27/310 Paresh Datta,10/313 Ami Brown,20/302 Regis Prevost,03/305 Haru Sato,
08/305 Kana Price,28/311 Felix Thorn,03/304 Paige Wilson,15/304 Pernille Carlsen,03/311 Gayan Babu,22/313 Gala Thorn,21/302 Josh Kimura,04/305 Delaney Edwards,
08/305 Louisa Blomgren,28/311 Nanami Yamada,04/304 Hunter Morris,15/304 Anika Solberg,04/311 Layak Mardia,25/313 Nicole Brown,21/302 Jasmin Solberg,06/305 Kamala Patel,
09/305 Josette Morris,,07/304 Torvald Blomgren,16/304 Robert Maier,10/311 Lee Moore,02/314 Kristjana Thorn,22/302 Aaron Wilson,08/305 Claire Simon,
09/305 Blade Edwards,,07/304 Niamh Murphy,19/304 Bert Meyer,12/311 Aadesh Bhatt,23/314 Vanessa Sorensen,22/302 Ross Brown,10/305 Sorena Blomgren,
13/305 Rachelle Carlsen,,07/304 Nerina Yamada,19/304 Karsten Hartmann,14/311 Tyra Blomgren,24/314 Taylor Morris,22/302 Adrienne Hughes,10/305 Avril Carlsen,
17/305 Yorick Jensen,,07/304 Zoe Morris,20/304 Karena Lund,14/311 Tindra Eklund,25/314 Jasmin Carlsen,24/302 Conor Wilson,10/305 Inesh Ramanan,
18/305 Pierrick Jensen,,07/304 Ralf Wenzel,24/304 Christian Lund,14/311 Emaan Kulkarni,25/314 Kari Solberg,24/302 Lucien Dupont,12/305 Blaise McCarthy,
20/305 Lena Eklund,,10/304 Sonja Schulze,24/304 Lawrence Hall,16/311 Daniel Ibsen,26/314 Noah McCarthy,24/302 Lyn Bell,12/305 Rose Yamada,
20/305 Hallmar Solberg,,12/304 Katie Solberg,24/304 Birte Hahn,20/311 Patricia Price,26/314 Torsten Ibsen,24/302 Ann Johnstone,12/305 Dheer Bhatt,
21/305 Rosalie Blomgren,,12/304 Ava Kimura,27/304 Anthony Collins,20/311 Suvarna Ganaka,09/315 Florian Thorn,24/302 Gregg Hill,15/305 Pierre Bager,
21/305 Jules Suzuki,,15/304 Dylan Collins,01/305 Jordan Brown,22/311 Ryouta McCarthy,10/315 Florian Eklund,25/302 Rinsho Iwasaki,15/305 Miki Watanabe,
25/305 Anna Sorensen,,16/304 Kevin Brown,03/305 Jolanta Richter,24/311 Akane Connolly,10/315 Lucia Thorn,26/302 Sarah Erickson,19/305 Marcus Wilson,
03/306 Alexis Wilson,,18/304 Sorena Eklund,04/305 Lars Solberg,,18/315 Laura Eklund,26/302 Kimi Miura,19/305 Harvey Thorn,
03/306 Holly Suzuki,,22/304 Valdemar Erickson,06/305 Raum Blomgren,,20/315 Gunnar Solberg,26/302 Emaan Mishra,21/305 Mana Shah,
05/306 Saeed Laha,,24/304 Julian Eklund,09/305 Florian Blomgren,,20/315 Matthew Brown,27/302 Lynnea Bager,22/305 Denis Wilson,
08/306 Annabelle Abel,,24/304 Raphael Sorensen,09/305 Maike Neumann,,01/316 Julia Yamada,27/302 Kimiko Takagi,23/305 Chaman Kaur,
14/306 Fay Jensen,,27/304 Gemma Moore,12/305 Lars Sorensen,,03/316 Tristan Page,27/302 Lionel Bourgeois,25/305 Belle Abel,
16/306 Jeremy Sato,,28/304 Nana Jackson,12/305 Sean Morris,,13/316 Malena Eklund,28/302 Emma Bager,26/305 Pavak Basu,
17/306 Danielle Guillot,,01/305 Jacques Jacobsen,13/305 Signe Sorensen,,16/316 Maximilian Blomgren,28/302 Raphael Thorn,28/305 Davignon Perrot,
18/306 Jade Gagnon,,02/305 Tineka Thorn,16/305 Raum Solberg,,23/316 Oceane Connolly,28/302 Linzi Robertson,28/305 Ajay Pillai,
18/306 Sebastian Svendsen,,04/305 Peter Wilson,16/305 Shiori Wilson,,23/316 Shane Sato,2/302 Victor Black,01/306 Henrik Allard,
20/306 Vilina Gadhavi,,05/305 Soeren Guenther,17/305 Maya Wilson,,26/316 Michael Sorensen,28/307 Luis Bonnet,01/306 Tomas Allard,
21/306 Emy Jensen,,08/305 Daiki Kimura,26/305 Florian Carlsen,,03/317 Eva Brown,01/308 Renaud Mallet,02/306 Shota Jones,
21/306 Ragnar Bager,,11/305 Edgar Morris,04/306 Emma Thorn,,03/317 Emma Carlsen,02/308 Mariko Endo,03/306 William Edwards,
22/306 Mia Watanabe,,13/305 Kayleigh Morris,05/306 Sven Carlsen,,08/317 Husaam Kumar,03/308 Elena Carlsen,03/306 Akira McCarthy,
24/306 Alicia Bager,,15/305 Conor Connolly,09/306 Auna Hall,,25/317 Elsa Carlsen,04/308 Jack Price,03/306 Taahira Ramanujan,
24/306 Mai Edwards,,17/305 Jarrod Summers,09/306 Nathan Hall,,05/318 Kristjana Solberg,04/308 Geraldine Alexander,04/306 Eva Brown,
24/306 Claire Carlsen,,17/305 Ian Summers,12/306 Britt Blomgren,,05/318 Ayaka Morris,05/308 Paige Jones,04/306 Pia Ganaka,
25/306 Nicolas Wilson,,21/305 Sten Sorensen,19/306 Erik Beyer,,08/318 Kashvi Kumar,05/308 Geraldine Kerr,04/306 Yuval Devar,
26/306 Grace Brown,,22/305 Per Peters,21/306 Lucy McCarthy,,11/318 Hiro Kimura,06/308 Sylvia Ritchie,05/306 Elle Dupont,
01/307 Gabrielle Sorensen,,23/305 Brigit Clausen,26/306 Lucia Sorensen,,11/318 Jacob Jackson,06/308 Kaori Yamasaki,05/306 Mangala Dayal,
09/307 Philipp Sorensen,,01/306 Lars Carlsen,28/306 Felix Sorensen,,11/318 Elie Gagnon,09/308 Herbert Huber,06/306 Thibaud Brun,
14/307 Amon Suzuki,,03/306 Jessica McCarthy,28/306 Monika Schumann,,11/318 Rachelle Lund,10/308 Melissa Connolly,07/306 Kaia Chatterjee,
14/307 Pranay Tiwari,,09/306 Vanessa Eklund,22/307 Emily Kimura,,11/318 Kelda Thorn,10/308 Ayami Miyasaki,07/306 Rushil Dhar,
18/307 Damini Gadhavi,,10/306 Sabrina Guenther,15/308 Corinna Hoffmann,,14/318 Valdemar Jensen,10/308 Akiyo Ichikawa,09/306 Arnaud Monnier,
21/307 Jack Watanabe,,10/306 Ingrid Larsen,17/308 Kirstie Larsen,,14/318 Chloe Collins,11/308 Vincent Lund,13/306 Ansel Herbert,
27/307 Jake Summers,,10/306 Philipp Mohr,19/308 Reinhardt Voigt,,21/318 Tobias Carlsen,12/308 Belle Regan,14/306 Nayan Agarwal,
28/307 Killian Sato,,13/306 Jonas Erickson,22/308 Elin Blomgren,,21/318 Julie Page,13/308 Adam Morris,15/306 Benjamin Connolly,
03/308 Taylor Wilson,,17/306 Delaney Kimura,04/309 Ryan Kimura,,22/318 Minh McCarthy,14/308 Ella Bager,15/306 Bindi Tamboli,
03/308 Gildas Gaillard,,04/307 Marcel Sorensen,08/309 Aimon Hardy,,22/318 Ophelia Eklund,14/308 Ragnar Olsen,16/306 Maalai Mardia,
03/308 Pantea Sorensen,,08/307 Gunnar Eklund,09/309 Adam Stein,,24/318 Ole Eklund,16/308 Kamal Mishra,18/306 Nicolas Pallesen,
04/308 Marilyn Leger,,22/307 Valerie Hardy,10/309 Leanne Davidson,,27/318 Benjamin Wilson,18/308 Maximilian Blomgren,19/306 Balan Ramanan,
06/308 Percival Carlsen,,28/307 Daiki Edwards,17/309 Kevin Edwards,,05/319 Rosalie Carlsen,18/308 Paige McCarthy,23/306 Tamara Brown,
06/308 Felix Blomgren,,28/307 Francois Page,23/309 Anund Olsen,,09/319 Amy Brown,18/308 Barbara Meier,25/306 Kaia Sultana,
06/308 Harvey Dupont,,05/308 Gabriele Schwarz,24/309 Katarina Lenz,,10/319 Theresa Sorensen,19/308 Connor Watanabe,26/306 Ryan Jackson,
07/308 Gaetan Jensen,,07/308 Liam Morris,24/309 Petra Wagner,,11/319 Hannah Morris,19/308 Arthur Morris,27/306 Anton Blomgren,
07/308 Laurie Morris,,14/308 Kevin Connolly,25/309 Tatjana Gruber,,12/319 Nils Jensen,19/308 Soji Fujihara,27/306 Lomash Datta,
09/308 Corine Germain,,17/308 Gunnar Solberg,01/310 Marcel Solberg,,13/319 Erik Sorensen,19/308 Kanehiro Okada,01/307 Lisa Carlsen,
10/308 Aurore Aubert,,20/308 Kristel Sommer,01/310 Valentina Langer,,13/319 Lukas Sorensen,19/308 Cheryl Boyle,07/307 Nayan Puri,
13/308 Gavin Wilson,,21/308 Sian Wilson,01/310 Josh Kimura,,15/319 James Wilson,22/308 Armand Dupont,08/307 Ayann Achari,
17/308 Daiki Yamada,,25/308 Ruth Bauer,04/310 Ulrich Bergmann,,17/319 Hama Connolly,22/308 Kanehiro Yokoyama,10/307 Matthew Connolly,
19/308 Brenda Erickson,,26/308 Macon Dupont,05/310 Jake Murphy,,19/319 Mia Yamada,23/308 Joel Masson,10/307 Tom Edwards,
20/308 King Suzuki,,04/309 Helsa Lund,08/310 Henri Langer,,20/319 Valerie Thorn,24/308 Anand Mehta,12/307 Hanima Devar,
23/308 Liliane Dupuy,,15/309 Daiki Wilson,14/310 Raum Carlsen,,20/319 Manami Morris,24/308 Risa Nakajima,17/307 Ishrat Bahadur,
01/309 Pierre Swift,,15/309 Ryan Regan,14/310 Kosaku Yamasaki,,20/319 Halden Solberg,25/308 Gunter Pfeiffer,17/307 Gayan Saha,
01/309 Pahal Ahmad,,22/309 Natalia Guenther,28/310 Rita Voigt,,22/319 Yvonne Eklund,27/308 Henrik Thorn,18/307 Alice Wilson,
02/309 Justin Connolly,,24/309 Bridey Kimura,02/311 Malena Blomgren,,23/319 Miho Morris,28/308 Takaji Ando,21/307 Alisha Ahmad,
02/309 Patrick Moore,,27/309 Sten Solberg,03/311 Astrid Richter,,23/319 Lars Solberg,28/308 Ananya Gadhavi,21/307 Ajay Banerjee,
02/309 Kevin Moore,,10/310 Bernhard Guenther,,,23/319 Raphael Page,01/309 Olson Ibsen,22/307 David Clausen,
02/309 Manuella Dupuis,,13/310 Patrick Yamada,,,24/319 Louis Page,01/309 Kento Kaneko,24/307 Jackson Kimura,
04/309 Oviyan Gadhavi,,19/310 Rida Page,,,27/319 Jeneve Sorensen,04/309 Nayan Kaur,24/307 Gayan Tiwari,
05/309 Claire Sato,,19/310 Regine Sommer,,,27/319 Jonas Solberg,04/309 Lomash Kaur,24/307 Saloni Gadhavi,
08/309 Jeannine Marques,,20/310 Yorick Sorensen,,,27/319 Karina Solberg,05/309 Anthea Scott,24/307 Milana Tiwari,
09/309 Jacques Simon,,22/310 Mark Morris,,,28/319 Hannah Solberg,05/309 Hiyori Fukuda,25/307 Nabhi Datta,
09/309 Oviyan Basu,,22/310 Christopher Froehlich,,,,06/309 Ryotaro Miyamoto,27/307 Ladli Agarwal,
10/309 Inge Jensen,,25/310 Manan Mardia,,,,07/309 Siobhan Hall,28/307 Ronan Summers,
11/309 Michaela Kimura,,01/311 Mitchell Regan,,,,07/309 Aude Garnier,28/307 Layak Mardia,
12/309 Emma Blomgren,,02/311 Klara Blomgren,,,,,01/308 Auguste Lund,
14/309 Chloe McCarthy,,03/311 Konstanze Busch,,,,,01/308 Tyr Solberg,
15/309 Julia Solberg,,04/311 Ebbe Blomgren,,,,,01/308 Sten Solberg,
18/309 Ramya Sharma,,,,,,,01/308 Helene Jensen,
19/309 Prasad Babu,,,,,,,01/308 Gabriel Thorn,
20/309 Chahel Lingutla,,,,,,,02/308 Nathan Wilson,
21/309 Anushka Ghosh,,,,,,,02/308 Gandhar Sharma,
26/309 Jacob Morris,,,,,,,05/308 Aahna Ramanujan,
27/309 Delaney Jones,,,,,,,06/308 Shauna Suzuki,
27/309 Rachida Dupuy,,,,,,,06/308 Shauna Jackson,
27/309 Suhanisa Ramanan,,,,,,,06/308 Pascaline Legros,
02/310 Anund Ibsen,,,,,,,06/308 Gazala Sultana,
02/310 Julia Suzuki,,,,,,,09/308 Thomas Eklund,
04/310 Hunter Kimura,,,,,,,10/308 Rushil Sultana,
07/310 Sylvie Marques,,,,,,,11/308 Yui Suzuki,
08/310 Charles Jensen,,,,,,,11/308 Anna Pallesen,
10/310 Rina Varadkar,,,,,,,12/308 Anika Bhasin,
14/310 Danielle Morel,,,,,,,13/308 Teala Thorn,
14/310 Rahas Babu,,,,,,,13/308 Vilina Khan,
16/310 Nanako Watanabe,,,,,,,15/308 Desmond Sato,
16/310 Joaquim Duval,,,,,,,18/308 Kate Suzuki,
17/310 Axel Larsen,,,,,,,19/308 Rushil Saha,
17/310 Gildas Dupuis,,,,,,,20/308 Taylor Edwards,
18/310 Takuya Moore,,,,,,,20/308 Bimala Puri,
22/310 Arya Ahmad,,,,,,,21/308 Suvarna Abbasi,
22/310 Fatima Legros,,,,,,,21/308 Kimaya Bahadur,
23/310 Rosalie Sorensen,,,,,,,22/308 Anushka Srinivasan,
23/310 Regis Lemoine,,,,,,,25/308 Aahna Achari,
23/310 Antonio Maury,,,,,,,26/308 Rajani Kaur,
27/310 Paresh Lingutla,,,,,,,01/309 Felix Murphy,
27/310 Naina Chatterjee,,,,,,,02/309 Gen Suzuki,
07/311 Anushka Bose,,,,,,,02/309 Brielle Bager,
09/311 Sarah Basu,,,,,,,03/309 Pranay Tiwari,
09/311 Kaia Gadhavi,,,,,,,05/309 Tuhin Puri,
12/311 Madeleine Gillet,,,,,,,06/309 Sarah Summers,
12/311 Ketan Ramanan,,,,,,,06/309 Ayann Chunduri,
13/311 Philippe Marques,,,,,,,07/309 Chahna Asan,
17/311 Gaston Morris,,,,,,,08/309 Tyr Blomgren,
17/311 France Bouchet,,,,,,,08/309 Aadesh Agarwal,
18/311 Shannon Watanabe,,,,,,,10/309 Oviyan Gadhavi,
20/311 Hakan Larsen,,,,,,,11/309 Valdemar Clausen,
21/311 Pascal Duval,,,,,,,11/309 Ciara Connolly,
23/311 Zaina Bahadur,,,,,,,11/309 Mitchell Jackson,
23/311 Justin Abbasi,,,,,,,11/309 Flavien Monnier,
26/311 Louisa Connolly,,,,,,,12/309 Andrew Kimura,
27/311 Daiki Sato,,,,,,,12/309 Annabelle Thorn,
28/311 Davignon Ibsen,,,,,,,12/309 Raunak Dhar,
,,,,,,,12/309 Kashvi Sultana,
,,,,,,,16/309 Laranya Dhawan,
,,,,,,,17/309 Rithul Singh,
,,,,,,,19/309 Maalai Datta,
,,,,,,,20/309 Erin Morris,
,,,,,,,20/309 Gyan Agarwal,
,,,,,,,21/309 Pranay Pillai,
,,,,,,,22/309 Selvan Ramanujan,
,,,,,,,22/309 Mishka Banerjee,
,,,,,,,23/309 Pari Tiwari,
,,,,,,,24/309 Chantal Guichard,
,,,,,,,28/309 Ramya Dhar,
,,,,,,,28/309 Suvarna Bose,
,,,,,,,01/310 Jenya Ramanujan,
,,,,,,,01/310 Paavan Varadhan,
,,,,,,,03/310 Francois Hall,
,,,,,,,03/310 Felix Bager,
,,,,,,,04/310 Chantel Bager,
,,,,,,,04/310 Remy Bager,
,,,,,,,04/310 Lea Murphy,
,,,,,,,04/310 Emaan Mallick,
,,,,,,,04/310 Marie Murphy,
,,,,,,,04/310 Naadir Chandra,
,,,,,,,06/310 Pia Tamboli,
,,,,,,,09/310 Saeed Agarwal,
,,,,,,,10/310 Ettan Chaudhuri,
,,,,,,,12/310 Raunak Abbasi,
,,,,,,,12/310 Nira Chunduri,
,,,,,,,12/310 Mirai Chunduri,
,,,,,,,13/310 Gretel Blomgren,
,,,,,,,13/310 Pia Tiwari,
,,,,,,,14/310 Dulari Joshi,
,,,,,,,16/310 Gaston Carlsen,
,,,,,,,17/310 Gandhar Dhirwan,
,,,,,,,18/310 Ramya Singh,
,,,,,,,18/310 Chahel Asan,
,,,,,,,19/310 Justin Eklund,
,,,,,,,22/310 Bimala Lingutla,
,,,,,,,22/310 Rithul Maharaj,
,,,,,,,23/310 Noah Picard,
,,,,,,,23/310 Pahal Ramanan,
,,,,,,,23/310 Mohal Puri,
,,,,,,,24/310 Sten Solberg,
,,,,,,,25/310 Jermaine Favreau,
,,,,,,,25/310 Omala Banerjee,
,,,,,,,27/310 Avril Simon,
,,,,,,,27/310 Rithul Mangal,
,,,,,,,28/310 Justin Watanabe,
,,,,,,,28/310 Avni Karmarkar,
,,,,,,,01/311 Zahira Anand,
,,,,,,,01/311 Bindi Pillai,
,,,,,,,02/311 Torsten Solberg,
,,,,,,,03/311 Clara Verdier,
,,,,,,,03/311 Keerthana Sultana,
,,,,,,,04/311 Leon Thorn,
,,,,,,,04/311 Ravi Srinivasan,
,,,,,,,04/311 Nayan Khan,
,,,,,,,07/311 Mai Kimura,
,,,,,,,07/311 Chryselle Bager,
,,,,,,,08/311 Thevan Varma,
,,,,,,,09/311 Ayann Patel,
,,,,,,,10/311 Ettan Chunduri,
,,,,,,,11/311 Keya Srinivasan,
,,,,,,,12/311 Oviyan Shah,
,,,,,,,13/311 Bindi Chandra,
,,,,,,,14/311 Kamala Bose,
,,,,,,,14/311 Aadesh Ganaka,
,,,,,,,16/311 Remy Datta,
,,,,,,,17/311 Nihal Puri,
,,,,,,,17/311 Kaia Zaman,
,,,,,,,19/311 Varsha Dhar,
,,,,,,,20/311 Ayano Sato,
,,,,,,,20/311 Gayan Dhar,
,,,,,,,20/311 Samir Chaudhuri,
,,,,,,,21/311 Leif Jensen,
,,,,,,,21/311 Esha Devar,
,,,,,,,24/311 Deepa Agarwal,
,,,,,,,25/311 Emilie Swift,
,,,,,,,26/311 Ishrat Joshi,
,,,,,,,26/311 Thevan Gadhavi,
,,,,,,,26/311 Ladli Asan,
,,,,,,,26/311 Samir Tiwari,
,,,,,,,28/311 Yuval Dhirwan,
